user_ID,user_name,age,gender,location,signup_date,sub_plan,device_type
1,Rickey Lebreton,43,Male,China,2017-03-31,Silver,Desktop
2,Sloane Sloegrave,27,Male,Canada,2016-06-06,Gold,Tablet
3,Sloan Nusche,20,Male,Macedonia,2015-12-05,Silver,Smartphone
4,Cecil Barks,29,Male,Russia,2018-08-19,Silver,Smartphone
5,Kynthia De Beauchemp,19,Female,Indonesia,2020-10-10,VIP,Smartphone
6,Alix Stummeyer,25,Female,United States,2018-01-19,Silver,Smartphone
7,Parrnell Lomond,49,Male,Trinidad and Tobago,2022-04-02,Gold,Tablet
8,Zonnya Shark,25,Female,Poland,2020-08-29,Silver,Laptop
9,Papagena Edgecumbe,26,Female,Equatorial Guinea,2022-03-20,Silver,Smartphone
10,Jacqueline Baldacchi,34,Female,Uruguay,2019-09-19,Silver,Desktop
11,Tate McFaul,32,Male,Sweden,2016-01-06,Silver,Smartphone
12,Vaughan Lethley,58,Male,China,2020-03-10,VIP,Smartphone
13,Matthias Presley,34,Male,Peru,2021-01-06,Silver,Desktop
14,Mattie Sproat,36,Female,Poland,2016-05-30,Silver,Tablet
15,Alma Eytel,24,Female,Poland,2019-10-26,Platinum,Laptop
16,Leese Brettor,51,Female,South Korea,2015-10-14,Silver,Smartphone
17,Kirk Lere,42,Male,Botswana,2022-11-15,Silver,Smartphone
18,Lita Facher,42,Female,Pakistan,2016-08-19,Silver,Tablet
19,Wayne Durnin,48,Male,Canada,2023-03-19,Gold,Desktop
20,Jere Vero,54,Male,Philippines,2019-01-26,Silver,Smartphone
21,Ty Pateman,45,Male,Thailand,2022-01-18,Silver,Desktop
22,Marlin Curless,40,Male,Pakistan,2021-04-06,Silver,Laptop
23,Thorsten Harsnipe,57,Male,Tanzania,2022-03-01,Silver,Smartphone
24,Bamby Sinson,59,Female,United States,2017-09-15,Silver,Desktop
25,Melody Cuming,26,Female,Russia,2015-01-24,Silver,Laptop
26,Page Pervoe,39,Male,Nigeria,2015-06-23,Silver,Smartphone
27,Aldrich Archell,20,Male,Nigeria,2022-03-07,Silver,Laptop
28,Manuel Kerans,55,Male,Serbia,2021-12-12,Silver,Laptop
29,Gael Gehricke,55,Male,Brazil,2021-05-24,Silver,Laptop
30,Lorianne Mulroy,35,Female,Russia,2020-12-02,Silver,Laptop
31,Hyacintha Cockren,56,Female,Argentina,2016-05-13,Silver,Desktop
32,Reidar Rosbottom,58,Male,Kazakhstan,2018-11-18,Gold,Laptop
33,Anjela Greeding,34,Female,Portugal,2017-05-17,Gold,Smartphone
34,Rab Rowe,19,Male,China,2019-10-06,Gold,Smartphone
35,Ursula Cleveland,21,Female,China,2019-01-06,Gold,Smartphone
36,Blinni Mattedi,55,Female,China,2020-08-09,Silver,Laptop
37,Ruthe Moralee,49,Female,Indonesia,2021-12-21,Gold,Desktop
38,Othilie Barbosa,40,Female,Mexico,2018-04-05,Gold,Laptop
39,Melly Laybourn,31,Female,Ukraine,2018-09-23,Platinum,Smartphone
40,Katlin Kinchley,57,Female,Mexico,2020-09-22,Gold,Smartphone
41,Wilt Stanlake,55,Male,China,2018-02-11,Silver,Laptop
42,Ritchie Pretorius,53,Male,Burkina Faso,2020-01-06,Silver,Laptop
43,Minnaminnie Larrat,24,Female,Poland,2023-03-05,Platinum,Smartphone
44,Alanah Slayny,35,Female,Russia,2017-12-10,Silver,Smartphone
45,Karly Playhill,28,Female,Morocco,2015-08-19,Gold,Tablet
46,Joana Beaves,28,Female,China,2017-01-19,Silver,Smartphone
47,Chester Pestricke,21,Male,Brazil,2018-12-27,Platinum,Laptop
48,Peter Wicher,53,Male,China,2019-01-01,Gold,Smartphone
49,George Clapison,39,Female,Croatia,2021-05-04,Silver,Smartphone
50,Lilly Oldcroft,48,Female,Mexico,2021-10-03,Gold,Desktop
51,Ernest Bettleson,18,Male,Russia,2017-08-26,Gold,Smartphone
52,Dosi Skeete,27,Female,Indonesia,2015-09-19,Platinum,Smartphone
53,Gibb Vivers,60,Male,Indonesia,2017-06-20,Gold,Smartphone
54,Theadora Lequeux,44,Female,China,2020-09-12,Platinum,Tablet
55,Wade Yeskov,19,Male,Venezuela,2022-05-07,Silver,Desktop
56,Conrade Chalfain,52,Male,France,2021-01-02,Silver,Desktop
57,Cyrill Scoone,33,Male,Greece,2019-07-01,Silver,Laptop
58,Ash Kernaghan,57,Male,Indonesia,2015-10-26,Platinum,Laptop
59,Trish Ramplee,32,Female,Philippines,2022-08-02,Gold,Laptop
60,Corine Debow,48,Female,China,2020-05-28,Silver,Desktop
61,Gabriela Dumsday,21,Female,Philippines,2019-10-08,Gold,Smartphone
62,Manda Novis,49,Female,Russia,2022-11-09,Platinum,Smartphone
63,Ondrea Gibbie,21,Female,Ukraine,2019-11-22,Gold,Desktop
64,Sandy Jostan,28,Male,Guatemala,2018-12-17,Silver,Smartphone
65,Brigit Piller,31,Female,Georgia,2021-12-25,Gold,Tablet
66,Amata Rickcord,51,Female,China,2022-03-02,Silver,Smartphone
67,Lawton Outhwaite,20,Male,Russia,2021-11-18,Silver,Smartphone
68,Gothart Menezes,44,Male,China,2018-10-21,Platinum,Tablet
69,Augusta Kirsz,25,Female,South Africa,2020-12-06,Platinum,Desktop
70,Caron Ollive,34,Female,Colombia,2019-08-11,Silver,Laptop
71,Lonnard Kalderon,36,Male,Ukraine,2015-03-11,Silver,Smartphone
72,Ilyssa Snelle,20,Female,Indonesia,2022-11-05,Silver,Laptop
73,Jacobo Delia,42,Male,Indonesia,2016-10-07,Silver,Tablet
74,Sella Prover,20,Female,Portugal,2016-02-21,Silver,Smartphone
75,Reggy Shord,54,Male,Mongolia,2022-06-20,Gold,Tablet
76,Denny Tellenbach,47,Female,Russia,2019-05-17,Platinum,Smartphone
77,Sisile Hearon,29,Female,Indonesia,2020-11-27,Silver,Laptop
78,Garrott Jonke,52,Male,Iran,2016-01-02,Platinum,Laptop
79,Olivie De Lorenzo,50,Female,Netherlands,2015-04-26,Silver,Laptop
80,Jenna Esposi,39,Female,France,2018-07-25,Gold,Laptop
81,Carmel Llywarch,29,Female,Philippines,2020-06-08,VIP,Desktop
82,Tate Downer,29,Female,China,2018-11-01,Gold,Smartphone
83,Timi Martschik,32,Female,Greece,2021-02-10,Silver,Smartphone
84,Kaspar Lammenga,54,Male,Sweden,2023-03-23,Platinum,Desktop
85,Justinn Clausner,48,Female,Indonesia,2021-04-10,Silver,Desktop
86,Riane Kliemke,31,Female,China,2022-02-04,Gold,Desktop
87,Silvie Klement,59,Female,Sri Lanka,2017-05-15,Gold,Laptop
88,Emmet Alvin,38,Male,Kazakhstan,2015-02-12,Silver,Smartphone
89,Israel Letson,24,Male,Sweden,2021-11-11,Silver,Tablet
90,Ker Scrooby,44,Male,Russia,2022-01-20,Gold,Smartphone
91,Etheline Phripp,44,Female,China,2017-09-19,Silver,Desktop
92,Tiphanie Benthall,57,Female,Bosnia and Herzegovina,2015-04-17,VIP,Laptop
93,Witty Coupman,26,Male,Finland,2018-03-23,Gold,Laptop
94,Syman Barstow,46,Male,Maldives,2020-08-20,Silver,Desktop
95,Ruthann Flory,18,Female,Mexico,2017-08-17,Gold,Laptop
96,Broddy Honnan,48,Male,Indonesia,2023-03-10,Silver,Smartphone
97,Binky Strawbridge,58,Male,China,2021-10-27,Platinum,Smartphone
98,Meyer Kinder,30,Male,Philippines,2017-09-17,Silver,Smartphone
99,Katine Fern,30,Female,China,2022-12-28,Silver,Tablet
100,Eduardo Withringten,18,Male,Kenya,2015-12-09,Silver,Smartphone
101,Moore Durak,30,Male,China,2021-10-11,Gold,Smartphone
102,Austina MacGiolla,53,Female,China,2015-09-09,Silver,Smartphone
103,Dorey McGauhy,22,Female,Norway,2021-12-16,Silver,Desktop
104,Simonne Diack,41,Female,Philippines,2015-10-22,Gold,Smartphone
105,Aloin Dabner,56,Male,Netherlands,2021-07-27,Silver,Smartphone
106,Gasparo Huntingdon,21,Male,Poland,2016-06-28,VIP,Desktop
107,Rosalinde Pettican,18,Female,Indonesia,2015-02-07,Silver,Tablet
108,Napoleon Malyon,60,Male,China,2020-11-19,Gold,Laptop
109,Filip Sheryn,26,Male,Guatemala,2015-05-20,Silver,Desktop
110,Lyndell Lipmann,26,Female,Albania,2016-01-27,Gold,Desktop
111,Egan Clements,30,Male,Indonesia,2019-03-15,Silver,Laptop
112,Alfreda Setterthwait,50,Female,United Arab Emirates,2020-05-08,Gold,Desktop
113,Carolus Jakab,37,Male,Indonesia,2015-05-18,Silver,Smartphone
114,Stacie Wark,46,Female,Venezuela,2015-12-27,Gold,Laptop
115,Cortie Badland,53,Male,Pakistan,2015-09-22,Gold,Smartphone
116,Blythe Lomasney,57,Female,Venezuela,2018-11-03,Silver,Smartphone
117,Waylin Hartgill,56,Male,Vietnam,2017-03-09,VIP,Tablet
118,Royall Easeman,19,Male,Bahrain,2018-10-23,Gold,Smartphone
119,Marchall Lismore,33,Male,Bulgaria,2017-02-24,Gold,Laptop
120,Hazel Erni,55,Female,Russia,2020-01-28,Gold,Tablet
121,Imelda Durie,33,Female,France,2015-07-16,Gold,Desktop
122,Barton Heber,36,Male,Russia,2020-04-30,Platinum,Laptop
123,Karlene Castagnone,33,Female,Brazil,2022-11-02,Silver,Desktop
124,Meryl Yewdell,39,Female,Macedonia,2015-08-16,Silver,Desktop
125,Corney Pretty,21,Male,Russia,2022-02-07,VIP,Desktop
126,Phyllida Bridger,37,Female,Indonesia,2018-02-10,Gold,Smartphone
127,Pippa Roggero,60,Female,China,2020-11-29,Gold,Smartphone
128,Ann-marie Burne,46,Female,Ghana,2020-05-26,Silver,Smartphone
129,Lyndsey Seaward,30,Female,Thailand,2020-05-07,Platinum,Tablet
130,Belle Doelle,26,Female,China,2020-06-18,Silver,Tablet
131,Dolley Doley,32,Female,Philippines,2015-10-19,Silver,Tablet
132,Lacee Garrand,33,Female,Indonesia,2019-07-15,Silver,Desktop
133,Andrey Adderson,47,Male,Armenia,2018-12-25,Silver,Smartphone
134,Rubia Camock,53,Female,Poland,2017-09-16,Platinum,Smartphone
135,Kellia Lilburn,30,Female,Indonesia,2021-12-01,Gold,Tablet
136,Mariel Needham,43,Female,China,2021-06-13,Silver,Desktop
137,Caprice Vaughan,23,Female,Indonesia,2022-08-12,Silver,Desktop
138,Lucila Goodnow,59,Female,Serbia,2018-12-20,Platinum,Smartphone
139,Karleen Thiem,43,Female,Costa Rica,2016-05-12,Gold,Smartphone
140,Gayle Mc Dermid,47,Male,Serbia,2017-03-22,Silver,Laptop
141,Dyann Dumbell,48,Female,Portugal,2020-03-26,Silver,Tablet
142,Sondra Willett,29,Female,China,2017-09-20,Silver,Smartphone
143,Alvina Lambden,30,Female,Nigeria,2023-02-12,Platinum,Smartphone
144,Nettie Galle,43,Female,China,2022-04-03,Silver,Tablet
145,Sheila-kathryn Ryal,53,Female,China,2020-07-22,Silver,Smartphone
146,Dollie Lorkins,46,Female,Peru,2022-02-24,Silver,Desktop
147,Viva Hayward,44,Female,Russia,2022-02-10,VIP,Desktop
148,Mozes Duckit,25,Male,Portugal,2018-07-13,Gold,Smartphone
149,Nickolai Ashenhurst,38,Male,Tanzania,2016-04-16,Silver,Desktop
150,Tan Sawdy,27,Male,Philippines,2015-10-30,Silver,Laptop
151,Stefania Sheppey,24,Female,Germany,2017-12-25,Silver,Smartphone
152,Fabiano Ratie,52,Male,Argentina,2019-08-12,Silver,Desktop
153,Con Salle,59,Male,Kazakhstan,2022-11-04,Gold,Smartphone
154,Constantino Jerrand,25,Male,Brazil,2015-01-02,Platinum,Smartphone
155,Lyndel Drewitt,59,Female,Indonesia,2016-10-16,Silver,Smartphone
156,Anna-diana Arkle,41,Female,Thailand,2016-04-07,Gold,Smartphone
157,Humfrey Dowling,49,Male,Portugal,2017-06-17,Silver,Tablet
158,Turner Tilzey,20,Male,Indonesia,2016-08-25,Silver,Tablet
159,Nicolis Barrie,47,Male,Philippines,2022-11-08,Gold,Laptop
160,Christabel Westfalen,34,Female,Portugal,2015-09-24,Gold,Laptop
161,Gallagher Mullins,38,Male,Indonesia,2017-02-18,Silver,Laptop
162,Marjorie Iglesia,26,Female,China,2022-05-14,Platinum,Laptop
163,Rosabella Kubelka,20,Female,Russia,2016-11-27,Silver,Smartphone
164,Cyb Marty,48,Female,China,2015-08-18,Gold,Smartphone
165,Nerita Scriver,24,Female,Uganda,2018-06-10,Gold,Laptop
166,Anabella Weerdenburg,31,Female,Switzerland,2016-09-21,Gold,Laptop
167,Georgiana Wichard,44,Female,Papua New Guinea,2017-07-09,Silver,Laptop
168,Leroi Vaadeland,29,Male,Thailand,2015-03-04,Gold,Desktop
169,Brockie Squibe,43,Male,Indonesia,2019-06-26,Platinum,Smartphone
170,Bambi Petersen,50,Female,Brazil,2019-11-29,Silver,Smartphone
171,Ferris Spinozzi,31,Male,Russia,2015-09-10,Gold,Desktop
172,Debby Ambrozewicz,44,Female,Philippines,2022-08-04,Silver,Desktop
173,Broddie Blight,36,Male,Guatemala,2015-07-08,Platinum,Smartphone
174,Cathie Kliment,18,Female,Djibouti,2015-07-26,Silver,Desktop
175,Arnie Errigo,34,Male,Philippines,2015-08-14,Silver,Smartphone
176,Nate Torr,48,Male,China,2018-04-27,Gold,Smartphone
177,Antone Gargett,18,Male,Indonesia,2018-12-02,Silver,Tablet
178,Fleur Cusworth,39,Female,China,2016-04-03,Silver,Tablet
179,Helaina Swindells,39,Female,China,2021-09-14,Gold,Tablet
180,Albert Hollyer,45,Male,Czech Republic,2018-09-27,Gold,Smartphone
181,Anton Moriarty,24,Male,Armenia,2021-04-20,Platinum,Smartphone
182,Farrell Kurton,24,Male,Indonesia,2022-02-01,Gold,Smartphone
183,Anett Hemphill,51,Female,China,2019-09-02,Gold,Desktop
184,Sashenka O'Hannay,34,Female,China,2015-12-26,Gold,Tablet
185,Collete Derges,51,Female,Egypt,2017-05-28,Silver,Desktop
186,Hubert McCulley,18,Male,Thailand,2022-05-18,Silver,Smartphone
187,Stuart Meegin,35,Male,China,2021-11-23,Gold,Laptop
188,Korney Wyse,47,Female,Panama,2021-02-16,Gold,Smartphone
189,Karlens Stigell,30,Male,Peru,2016-02-19,Silver,Smartphone
190,Herold Bettinson,38,Male,Bosnia and Herzegovina,2020-09-03,Platinum,Laptop
191,Bartie Felderer,18,Male,China,2020-07-23,VIP,Smartphone
192,Doe Sly,54,Female,Armenia,2015-10-02,Gold,Tablet
193,Zachery Burling,51,Male,Colombia,2017-07-01,Silver,Smartphone
194,Munmro Biaggiotti,47,Male,Brazil,2022-11-11,Silver,Laptop
195,Marcella Fulle,47,Female,United States,2022-09-03,Gold,Laptop
196,Linet Longland,35,Female,Colombia,2015-10-07,Silver,Desktop
197,Agace Starrs,38,Female,China,2015-08-18,Silver,Smartphone
198,Cyrus McCrae,25,Male,Mongolia,2022-09-14,Silver,Laptop
199,Marthe Icke,43,Female,Macedonia,2021-12-03,Silver,Smartphone
200,Buck Smallpiece,18,Male,China,2015-03-17,Silver,Laptop
201,Albina Maynard,42,Female,China,2017-06-02,Silver,Laptop
202,Shay Simounet,29,Male,China,2018-09-20,Gold,Desktop
203,Abey Alldread,33,Male,China,2020-06-27,Platinum,Tablet
204,Corissa Delap,24,Female,China,2021-04-02,Gold,Smartphone
205,Artemas Merigeau,54,Male,Russia,2018-12-27,Gold,Desktop
206,Corbie McGeaney,53,Male,Dominica,2016-01-07,Gold,Laptop
207,Adey Cripps,20,Female,China,2021-06-20,Silver,Smartphone
208,Gabrila Saill,57,Female,Czech Republic,2016-03-31,Gold,Desktop
209,Gav Budden,53,Male,China,2015-11-10,Platinum,Tablet
210,Sidney Kluge,21,Male,Argentina,2019-06-25,Silver,Laptop
211,Lexy Giggs,59,Female,Ireland,2019-07-29,Silver,Laptop
212,Sheila Barthram,35,Female,Russia,2020-08-29,Silver,Smartphone
213,Shae Waldocke,35,Female,Japan,2020-06-27,Silver,Laptop
214,Roch Overill,52,Female,United States,2021-07-21,Silver,Desktop
215,Adelheid Gaisford,30,Female,Poland,2016-12-27,Silver,Laptop
216,Raphael Coll,51,Male,France,2022-06-14,Gold,Desktop
217,Enrica Coraini,52,Female,Kyrgyzstan,2021-02-20,Silver,Smartphone
218,Clint Steels,49,Male,Burundi,2015-10-19,Gold,Smartphone
219,Kitty Westmorland,60,Female,United States,2020-07-01,Platinum,Smartphone
220,Bunni Wagen,40,Female,Sweden,2020-07-09,Silver,Smartphone
221,Paxon Edgson,18,Male,Philippines,2019-03-21,Gold,Desktop
222,Ulrick Aspling,18,Male,Honduras,2017-11-27,Gold,Desktop
223,Towney Beak,24,Male,Sri Lanka,2018-10-06,Silver,Laptop
224,Adrien Jewise,19,Male,Philippines,2016-08-06,Silver,Laptop
225,Fawn Deyenhardt,24,Female,China,2021-03-13,Gold,Desktop
226,Benn Scryne,46,Male,Brazil,2020-12-12,Silver,Desktop
227,Hubie Evason,43,Male,Philippines,2021-03-17,Silver,Laptop
228,Gustavo Hannabus,18,Male,Bangladesh,2020-07-19,Silver,Desktop
229,Leora Hinkley,36,Female,Uzbekistan,2021-03-23,Silver,Smartphone
230,Pasquale Sandilands,22,Male,Philippines,2019-03-14,Silver,Tablet
231,Maurits Croot,43,Male,Georgia,2015-09-08,Gold,Smartphone
232,Esmaria Gorgen,42,Female,Indonesia,2020-07-02,VIP,Laptop
233,Brantley Barok,49,Male,France,2016-09-16,Gold,Smartphone
234,Esdras Bowen,22,Male,Poland,2020-07-28,Silver,Smartphone
235,Andrea Pady,30,Male,Swaziland,2020-07-16,Platinum,Smartphone
236,Cinda Astridge,29,Female,China,2018-09-13,Silver,Laptop
237,Beverley Spellard,35,Female,Brazil,2022-08-03,Gold,Laptop
238,Ernesta Nappin,48,Female,China,2022-12-17,VIP,Laptop
239,Andris Clapham,19,Male,Argentina,2021-03-19,Silver,Desktop
240,Grayce Verrechia,60,Female,Czech Republic,2015-02-22,Gold,Smartphone
241,Starlin Cajkler,54,Female,Philippines,2022-10-02,Gold,Laptop
242,Heindrick Guillot,48,Male,China,2018-07-26,Silver,Laptop
243,Celestine Gahan,48,Female,Honduras,2020-10-31,Silver,Desktop
244,Alisa Matterson,48,Female,Vietnam,2018-03-22,Silver,Desktop
245,Greta Suff,41,Female,China,2016-08-02,Silver,Laptop
246,Amberly Wrist,37,Female,Argentina,2021-03-03,Silver,Laptop
247,Shurlocke Carlon,60,Male,Bosnia and Herzegovina,2019-07-28,Silver,Tablet
248,Harbert Pimlett,35,Male,China,2018-06-13,Silver,Smartphone
249,Sim McIntee,42,Male,United States,2017-02-21,Platinum,Laptop
250,Marcy Esberger,19,Female,Indonesia,2021-03-25,Platinum,Tablet
251,Billy Letten,24,Female,Indonesia,2020-01-01,Gold,Smartphone
252,Blaire Muddiman,18,Female,Indonesia,2020-09-23,Gold,Smartphone
253,Emlynn Caso,20,Female,Vietnam,2017-05-24,Silver,Laptop
254,Dominique Arrigucci,42,Female,China,2016-11-07,Silver,Desktop
255,Borden Oman,49,Male,Canada,2018-08-14,Silver,Laptop
256,Gabbie Instrell,19,Male,United States,2019-05-21,Silver,Laptop
257,Byram Clewett,44,Male,Indonesia,2022-02-25,Platinum,Laptop
258,Winfred Dowtry,58,Male,Russia,2019-08-09,VIP,Desktop
259,Aron Corona,37,Male,Russia,2017-03-21,Gold,Desktop
260,Alick Ipsley,43,Male,Japan,2015-02-09,Platinum,Desktop
261,Noemi Camlin,36,Female,Dominican Republic,2019-05-13,Silver,Smartphone
262,Iago Itzhaiek,20,Male,Finland,2019-04-17,Gold,Laptop
263,Merrile Hulson,54,Female,Philippines,2022-05-04,Silver,Smartphone
264,Ker Kinner,44,Male,Poland,2021-03-17,Silver,Desktop
265,Aland Escalera,57,Male,China,2020-11-08,Silver,Smartphone
266,Rodger Elster,43,Male,China,2017-11-27,Gold,Laptop
267,Hobart Tremelling,52,Male,Russia,2015-03-29,Gold,Laptop
268,Mickey Kassidy,52,Male,China,2016-06-02,VIP,Smartphone
269,Pietro Posse,19,Male,China,2022-10-27,Silver,Smartphone
270,Hi Bencher,31,Male,Costa Rica,2021-08-30,Silver,Laptop
271,Filip Wawer,53,Male,Philippines,2017-03-06,Gold,Laptop
272,Walliw Watters,46,Female,Indonesia,2020-06-16,Silver,Smartphone
273,Shirlene Browning,29,Female,Bangladesh,2019-04-04,Gold,Smartphone
274,Noam Ketch,53,Male,Malaysia,2018-07-20,Silver,Laptop
275,Gipsy Durrad,48,Female,Philippines,2020-12-13,Gold,Desktop
276,Dilly Potten,46,Male,Sweden,2021-02-17,Silver,Laptop
277,Joshuah Faircliffe,44,Male,Russia,2015-03-19,Silver,Laptop
278,Jan Petruska,29,Female,Croatia,2017-04-03,Gold,Tablet
279,Guthry Cooley,60,Male,Indonesia,2021-09-08,Platinum,Laptop
280,Emalia Wolfer,31,Female,China,2023-02-11,Gold,Laptop
281,Dedie Cazereau,58,Female,Poland,2020-06-18,Silver,Smartphone
282,Launce Faithorn,30,Male,Philippines,2021-03-07,Silver,Laptop
283,Latashia Campana,23,Female,Greece,2020-02-28,Silver,Smartphone
284,Rodge Chessill,58,Male,Morocco,2017-05-01,Platinum,Laptop
285,Far Diack,47,Male,Philippines,2022-07-21,Gold,Tablet
286,Sashenka Brammall,60,Female,Poland,2018-04-20,Platinum,Smartphone
287,Jaquenetta Robers,45,Female,China,2020-11-06,Silver,Smartphone
288,Cynthie McGrouther,55,Female,Indonesia,2020-10-28,Silver,Tablet
289,Nance Colliss,25,Female,Greece,2016-09-09,Silver,Smartphone
290,Reginauld Norfolk,49,Male,Sudan,2022-06-09,Silver,Desktop
291,Jeffie Wenderott,24,Male,China,2015-02-04,Gold,Laptop
292,Gib Mackinder,22,Male,Malta,2017-08-15,Gold,Laptop
293,Wilow Warrell,31,Female,Ukraine,2016-01-29,Platinum,Laptop
294,Billie Whitnall,45,Female,Bosnia and Herzegovina,2016-01-16,Gold,Laptop
295,Caryl Elegood,45,Male,Indonesia,2021-12-07,Silver,Desktop
296,Sophia Gylle,27,Female,Panama,2019-01-08,Platinum,Tablet
297,Vidovik Groundwater,28,Male,Peru,2019-03-23,Gold,Laptop
298,Nevile Petrik,33,Male,China,2020-08-07,Silver,Tablet
299,Sheppard Shawyer,20,Male,Peru,2015-08-26,Silver,Smartphone
300,Melanie Rouby,29,Female,Sweden,2019-08-16,Platinum,Smartphone
301,Frannie Drezzer,57,Male,Indonesia,2015-04-22,Silver,Smartphone
302,Harriette Georger,36,Female,China,2017-07-08,Platinum,Smartphone
303,Benedicta Jeste,51,Female,Japan,2020-12-27,VIP,Smartphone
304,Gayelord Merck,36,Male,Nigeria,2018-06-28,Gold,Smartphone
305,Doloritas Metts,43,Female,Nigeria,2016-12-11,Gold,Desktop
306,Dannie Cuckoo,28,Female,Ukraine,2019-05-29,Silver,Smartphone
307,Sarine de Glanville,48,Female,Ukraine,2020-07-24,Silver,Laptop
308,Natalya Goodnow,52,Female,Cuba,2020-12-29,Silver,Tablet
309,Thomas Mayes,38,Male,United Kingdom,2017-05-16,Silver,Smartphone
310,Cacilie Rebanks,23,Female,Dominican Republic,2018-06-12,Silver,Smartphone
311,Nico Bridgstock,37,Male,Philippines,2019-02-10,Platinum,Laptop
312,Axel Brellin,37,Male,Peru,2021-05-11,Silver,Smartphone
313,Elli De Cruce,55,Female,China,2016-01-09,VIP,Laptop
314,Theodosia Colleymore,48,Female,China,2022-04-11,Silver,Laptop
315,Marcus Erat,26,Male,Indonesia,2020-04-27,VIP,Smartphone
316,Kissie Bligh,24,Female,Palestinian Territory,2017-12-16,Gold,Desktop
317,Sammy Outridge,43,Female,Malaysia,2016-03-25,Silver,Tablet
318,Donielle Foucard,36,Female,Russia,2022-06-05,Platinum,Tablet
319,Shelley Cordell,46,Male,China,2020-10-15,Platinum,Laptop
320,Fidela Surpliss,49,Female,China,2017-05-31,Silver,Laptop
321,Steffane Fazzioli,42,Female,Brazil,2018-09-25,Silver,Desktop
322,Wilmar Zanitti,34,Male,China,2019-09-20,Gold,Smartphone
323,Decca Swinburn,33,Male,Netherlands,2016-06-04,Silver,Smartphone
324,Dita Dripps,35,Female,Cuba,2017-05-03,Silver,Laptop
325,Colet Adney,23,Male,Bulgaria,2019-08-28,Silver,Tablet
326,Dilan Creelman,53,Male,Chad,2016-10-07,VIP,Laptop
327,Erma Tace,44,Female,Portugal,2017-02-09,Platinum,Desktop
328,Forster Fetherby,33,Male,China,2020-03-02,Silver,Smartphone
329,Sam Fall,18,Male,Thailand,2020-03-22,Platinum,Laptop
330,Derward Van der Daal,40,Male,Mexico,2016-05-03,Silver,Laptop
331,Urban Rooson,35,Male,Micronesia,2017-07-08,Silver,Smartphone
332,Creighton Edgett,19,Male,Russia,2016-11-25,VIP,Desktop
333,Randie Cheston,28,Female,China,2015-02-07,Platinum,Smartphone
334,Orion Stanwix,60,Male,Japan,2022-06-06,Silver,Smartphone
335,Milt Vosper,21,Male,China,2015-03-07,Silver,Smartphone
336,Farah Blakeborough,21,Female,El Salvador,2022-11-26,Silver,Smartphone
337,Roosevelt Willoughby,47,Male,Pakistan,2015-06-13,Silver,Smartphone
338,Reynard Colkett,53,Male,China,2020-10-20,Silver,Smartphone
339,Balduin Menego,26,Male,Belarus,2022-10-23,Silver,Laptop
340,Andre Hounihan,45,Male,Haiti,2022-08-19,Platinum,Tablet
341,Cathee Asple,22,Female,China,2020-12-15,Gold,Tablet
342,Freddie Olerenshaw,29,Male,Ukraine,2021-03-05,Platinum,Smartphone
343,Nicki Biaggiotti,52,Female,Russia,2018-07-23,VIP,Smartphone
344,Hatti Yarnall,53,Female,Russia,2017-12-20,Silver,Smartphone
345,Sher Clapison,33,Female,Philippines,2015-06-08,Silver,Laptop
346,Danila Bettenay,26,Female,China,2018-08-07,Silver,Smartphone
347,Jordana O'Cannon,48,Female,Thailand,2016-09-18,Gold,Smartphone
348,Tersina Georgius,58,Female,United States,2022-07-11,Gold,Laptop
349,Lynnelle Joel,44,Female,Israel,2017-04-28,Silver,Smartphone
350,Julie Denisovo,49,Female,Japan,2018-09-12,Gold,Desktop
351,Maribelle Duckit,29,Female,Cyprus,2021-10-06,Platinum,Smartphone
352,Mavis Tinklin,56,Female,Argentina,2018-03-02,Gold,Smartphone
353,Austin Stoad,40,Female,France,2023-01-28,Gold,Laptop
354,Lyon Wemm,43,Male,China,2017-02-16,Gold,Desktop
355,Law Dyott,41,Male,Indonesia,2016-11-17,VIP,Desktop
356,Maureen Bazoge,50,Female,China,2021-10-11,Platinum,Desktop
357,Isacco Curson,46,Male,Senegal,2017-02-17,VIP,Smartphone
358,Clerkclaude Olenchenko,38,Male,Greece,2016-12-17,Silver,Smartphone
359,Godart Berry,30,Male,China,2017-06-30,Platinum,Smartphone
360,Alexandra Bockh,40,Female,Argentina,2022-04-07,Silver,Smartphone
361,Hill Mates,49,Male,Brazil,2018-02-21,Silver,Smartphone
362,Andris Lydall,56,Male,China,2016-01-02,Gold,Smartphone
363,Anthia Tanby,34,Female,Canada,2016-12-31,Silver,Smartphone
364,Baryram Colvin,25,Male,Indonesia,2022-09-13,Platinum,Smartphone
365,Nalani Staten,60,Female,Czech Republic,2018-08-14,Platinum,Smartphone
366,Cyrus Mussolini,43,Male,China,2020-03-17,Silver,Laptop
367,Way Philcox,44,Male,South Sudan,2019-01-18,Silver,Smartphone
368,Angelico Zettoi,31,Male,China,2020-12-29,Silver,Laptop
369,Rickey Beau,28,Male,Indonesia,2017-01-30,Gold,Laptop
370,Francesco Fold,30,Male,Cuba,2022-05-02,Silver,Desktop
371,Odessa Lymbourne,24,Female,Philippines,2020-08-08,Gold,Smartphone
372,Noelyn Giffaut,28,Female,Russia,2020-07-09,Silver,Laptop
373,Spike McGawn,39,Male,China,2016-07-14,Silver,Smartphone
374,Helen O'Leary,29,Female,China,2017-05-09,Gold,Laptop
375,Leonidas Huntly,30,Male,Vietnam,2018-09-04,Silver,Smartphone
376,Solomon Staden,48,Male,Czech Republic,2017-11-02,Silver,Desktop
377,Lexi Jakoubek,31,Female,Indonesia,2018-06-21,Platinum,Laptop
378,Pam Pepperrall,23,Female,Colombia,2017-07-09,Gold,Desktop
379,Abramo Spraging,54,Male,Japan,2019-07-25,VIP,Laptop
380,Staci Brahams,52,Female,Portugal,2015-07-06,Silver,Smartphone
381,Torin Horick,46,Male,Costa Rica,2021-06-30,Silver,Smartphone
382,Bogart Vicker,21,Male,South Sudan,2015-02-20,Silver,Smartphone
383,Adelheid Cowen,58,Female,China,2021-04-24,Silver,Laptop
384,Demeter MacKnocker,27,Female,Poland,2022-03-11,Platinum,Laptop
385,Barth Ferreiro,45,Male,China,2020-09-28,Gold,Smartphone
386,Rosmunda Matoshin,53,Female,Russia,2022-07-22,VIP,Laptop
387,Janela Twaite,25,Female,Portugal,2022-09-07,VIP,Smartphone
388,Kale Umpleby,59,Male,China,2015-11-06,Silver,Laptop
389,Celinda Spikings,29,Female,Ethiopia,2015-11-20,Gold,Laptop
390,Vlad Renny,42,Male,Portugal,2015-02-19,Silver,Smartphone
391,Abbie Renault,59,Female,Ukraine,2019-03-01,Silver,Tablet
392,Mallory Sterndale,51,Male,Kenya,2019-03-14,Silver,Laptop
393,Doy Zannelli,40,Male,Indonesia,2017-06-25,Silver,Laptop
394,Reta Quilty,31,Female,Israel,2017-06-06,Platinum,Smartphone
395,Karia Chaster,56,Female,France,2016-06-14,Gold,Laptop
396,Curcio Maunsell,53,Male,Brazil,2015-08-02,VIP,Desktop
397,Howie Pamment,27,Male,Japan,2019-08-09,Gold,Tablet
398,Britt Atyeo,28,Female,China,2018-12-20,Gold,Smartphone
399,Sampson Rodenburgh,32,Male,Brazil,2019-11-03,Silver,Laptop
400,Coleen Hatto,24,Female,Philippines,2017-09-18,Silver,Desktop
401,Sergent Govan,51,Male,Norway,2018-01-23,Silver,Tablet
402,Claire Richardot,58,Male,China,2015-11-30,Gold,Desktop
403,Augustine Trematick,54,Female,Uganda,2016-08-26,Silver,Laptop
404,Amargo Caush,41,Female,Nigeria,2019-04-21,Gold,Smartphone
405,Delbert Aggio,37,Male,France,2017-03-07,Gold,Laptop
406,Tessa Mungan,19,Female,Canada,2016-12-22,Silver,Tablet
407,Dee dee Blais,32,Female,Poland,2017-04-20,Gold,Desktop
408,Marrissa Blitz,37,Female,Ukraine,2021-03-02,Platinum,Smartphone
409,Conrade Medlin,48,Male,Indonesia,2020-04-17,Silver,Desktop
410,Will Wofenden,37,Male,Poland,2016-01-25,Gold,Smartphone
411,Regina Filby,31,Female,Albania,2018-10-06,Gold,Desktop
412,Avrit Bedborough,50,Female,Russia,2017-10-04,Silver,Laptop
413,Kyle Doud,28,Male,Guatemala,2019-06-10,Silver,Smartphone
414,Tybie Lyburn,54,Female,Philippines,2018-04-10,Silver,Laptop
415,Shelby Longfield,54,Male,Indonesia,2022-09-19,Gold,Smartphone
416,Kelly Hartles,36,Female,Portugal,2016-12-09,Silver,Laptop
417,Rowen Minci,21,Male,Azerbaijan,2016-01-05,Platinum,Tablet
418,Arvy Harling,34,Male,Greece,2017-12-13,Silver,Laptop
419,Gav Purchase,28,Male,Poland,2018-02-26,Silver,Smartphone
420,Allx Bleackley,28,Female,Sweden,2015-12-19,VIP,Smartphone
421,Trixy Mathen,27,Female,China,2018-12-02,Silver,Smartphone
422,Joana Bonnell,36,Female,Libya,2018-08-21,Silver,Laptop
423,Bonita Harry,52,Female,Pakistan,2019-11-17,Silver,Smartphone
424,Aveline Dufore,47,Female,Canada,2017-10-05,Silver,Smartphone
425,Franny Beeze,43,Male,Nepal,2019-04-20,Silver,Smartphone
426,Garold Kippen,56,Male,Indonesia,2015-03-15,Gold,Desktop
427,Fara Bilsland,33,Female,Mexico,2020-04-26,Silver,Laptop
428,Worthington Cockton,49,Male,Greece,2022-06-20,Silver,Smartphone
429,Emlynn Pallaske,39,Female,Bangladesh,2018-02-04,Silver,Desktop
430,Daryl Rudderham,23,Female,China,2019-05-26,Gold,Desktop
431,Reeva Sleicht,53,Female,Nigeria,2023-01-07,Platinum,Smartphone
432,Madella Humburton,42,Female,Portugal,2017-02-03,Silver,Laptop
433,Christiana Cannings,35,Female,Japan,2021-02-11,Gold,Smartphone
434,Karyn Tanton,32,Female,Norway,2023-02-04,Silver,Desktop
435,Daron Cawt,38,Male,Russia,2019-07-12,Gold,Tablet
436,Claudine Tatlowe,48,Female,France,2019-08-05,Silver,Smartphone
437,Sosanna Coffey,19,Female,Mexico,2020-03-23,Gold,Smartphone
438,Esdras Dulton,30,Male,Sweden,2018-01-07,Silver,Laptop
439,Aymer Lum,57,Male,Philippines,2017-06-09,Silver,Smartphone
440,Daisey Wadmore,28,Female,Pakistan,2020-07-08,Silver,Laptop
441,Gale Johantges,59,Female,China,2015-01-13,Silver,Smartphone
442,Bethena Bidgood,52,Female,Armenia,2019-10-31,Silver,Tablet
443,Philly Rehor,43,Female,Indonesia,2021-09-10,Gold,Tablet
444,Traver Woodcraft,52,Male,China,2018-06-24,Silver,Smartphone
445,Juan Handling,36,Male,China,2020-05-28,Silver,Laptop
446,Dee dee Eastman,44,Female,Brazil,2017-06-05,Silver,Smartphone
447,Ado Mettetal,49,Male,China,2017-09-21,Gold,Smartphone
448,Nelia Trorey,51,Female,Indonesia,2021-11-30,Silver,Smartphone
449,Lucilia Baudinot,51,Female,Brazil,2022-12-02,Silver,Smartphone
450,Willow Gimbrett,30,Female,Netherlands,2017-10-07,VIP,Tablet
451,Jo-anne Lathan,53,Female,Portugal,2021-12-19,Silver,Smartphone
452,Krishnah Spurrior,51,Male,China,2017-11-29,Silver,Laptop
453,Aubry Ipgrave,31,Female,Poland,2019-07-31,Platinum,Smartphone
454,Jethro Grent,19,Male,Argentina,2017-02-16,Platinum,Desktop
455,Woody Rustan,48,Male,Syria,2022-01-27,Silver,Smartphone
456,Robby Baitman,20,Male,Indonesia,2018-09-08,Silver,Desktop
457,Salli Lafee,20,Female,Poland,2017-07-06,Silver,Laptop
458,Georg Hemshall,22,Male,France,2018-07-22,Silver,Tablet
459,Loise Freda,34,Female,Argentina,2018-04-26,Gold,Smartphone
460,Margarette Armes,55,Female,Thailand,2017-02-24,Silver,Desktop
461,Erina Naismith,32,Female,Indonesia,2018-10-06,Gold,Smartphone
462,Cyndy Winny,36,Female,Kazakhstan,2018-05-09,Silver,Smartphone
463,Carree Beecker,26,Female,Egypt,2017-02-06,Gold,Smartphone
464,Madelin Karlik,30,Female,Croatia,2017-01-05,Gold,Desktop
465,Brook Burroughes,18,Female,China,2016-09-06,Silver,Smartphone
466,Ashbey MacLoughlin,23,Male,Philippines,2021-03-13,Silver,Smartphone
467,Demetris Squibbes,46,Male,Indonesia,2019-12-10,Platinum,Desktop
468,Earvin Guise,54,Male,Peru,2021-09-26,Silver,Laptop
469,Sam Yelyashev,59,Female,Colombia,2018-08-10,Silver,Tablet
470,Patten Zannolli,25,Male,Brazil,2022-01-20,Silver,Smartphone
471,Talia Petricek,45,Female,China,2019-08-19,Silver,Smartphone
472,Bradan Boulde,41,Male,Czech Republic,2016-01-18,Gold,Tablet
473,Tedie Matus,48,Male,Indonesia,2019-03-24,Silver,Smartphone
474,Karee Canet,29,Female,Ghana,2016-06-16,Gold,Tablet
475,Bill Lillow,34,Female,France,2016-10-14,Silver,Laptop
476,Ruddie Misson,35,Male,Czech Republic,2019-11-28,Platinum,Desktop
477,Ginevra Pannaman,47,Female,Russia,2020-03-22,Gold,Smartphone
478,Far Hancox,52,Male,Tunisia,2022-04-05,Silver,Desktop
479,Sib Rubinivitz,55,Female,China,2015-09-09,Gold,Smartphone
480,Angele Odd,23,Female,Canada,2019-01-29,VIP,Smartphone
481,Gerhardt Luckings,33,Male,Canada,2020-12-26,Gold,Desktop
482,Lynsey Brosini,46,Female,Canada,2020-05-19,Silver,Smartphone
483,Ernestus Gookey,28,Male,Indonesia,2021-12-21,VIP,Smartphone
484,Yorgo Crush,20,Male,Morocco,2019-02-19,VIP,Desktop
485,Pepillo Schubert,30,Male,Afghanistan,2022-10-30,Silver,Laptop
486,Ashby Brickwood,59,Male,Bangladesh,2019-06-02,Gold,Smartphone
487,Carlie Stotherfield,44,Male,Mauritius,2019-08-31,Gold,Laptop
488,Bethena Esmonde,27,Female,Czech Republic,2021-07-18,Gold,Smartphone
489,Hollie Sultana,59,Female,Honduras,2015-02-28,Silver,Smartphone
490,Dave Warder,27,Male,Portugal,2022-10-17,Platinum,Smartphone
491,Fiona Aronov,25,Female,China,2020-03-20,Gold,Desktop
492,Kaycee Ladley,26,Female,South Africa,2015-02-25,Gold,Laptop
493,Jammal Cornell,31,Male,Croatia,2020-12-20,Gold,Laptop
494,Marcellina Josey,26,Female,China,2015-02-11,Gold,Smartphone
495,Dion Ost,23,Male,Sweden,2019-02-19,Gold,Laptop
496,Roxana Sircomb,24,Female,Czech Republic,2018-03-31,Gold,Smartphone
497,Marcelo Trett,56,Male,Brazil,2021-07-28,Platinum,Smartphone
498,Alice Roseblade,27,Female,Russia,2019-11-16,Silver,Smartphone
499,Lorita Mendez,29,Female,France,2022-03-29,Platinum,Tablet
500,Domeniga Rogans,58,Female,Peru,2017-02-28,Silver,Smartphone
501,Binni Cowgill,45,Female,China,2023-02-08,Gold,Desktop
502,Ly Cormack,57,Male,Mozambique,2017-12-11,Silver,Laptop
503,Rayna Shepherdson,36,Female,Russia,2019-07-11,VIP,Laptop
504,Carry Stannett,27,Female,Syria,2022-12-19,Gold,Smartphone
505,Nicolea Blain,46,Female,Nigeria,2019-02-19,Silver,Smartphone
506,Cherey Halliwell,43,Female,Finland,2020-02-25,Gold,Laptop
507,Leyla Farnell,18,Female,China,2020-12-05,Silver,Smartphone
508,Rey Jiranek,41,Female,Colombia,2020-05-06,Silver,Laptop
509,Binni Tease,32,Female,Slovenia,2018-01-05,Gold,Laptop
510,Nahum Simoes,37,Male,Czech Republic,2017-04-06,Silver,Tablet
511,Madelon Harpur,58,Female,France,2022-11-28,Gold,Smartphone
512,Meggy Scarce,36,Female,China,2017-02-14,Silver,Smartphone
513,Charmion Broadnicke,58,Female,Russia,2018-06-08,Gold,Smartphone
514,Sawyere Brantzen,45,Male,Indonesia,2015-10-20,Silver,Tablet
515,Fayina Langthorne,25,Female,Honduras,2015-08-13,Gold,Laptop
516,Adelaida Speenden,35,Female,France,2017-02-13,Silver,Smartphone
517,Gilbertine Marzella,42,Female,China,2022-02-12,Gold,Smartphone
518,Heidie Plevey,49,Female,China,2018-11-27,Silver,Smartphone
519,Morty Gaiford,50,Male,Cyprus,2018-03-24,Platinum,Laptop
520,Ania Ends,43,Female,Indonesia,2020-12-12,Silver,Desktop
521,Willette Gascard,39,Female,Argentina,2018-05-12,VIP,Smartphone
522,Julio Savill,54,Male,Indonesia,2019-07-04,Silver,Desktop
523,Darrick Greguol,29,Male,Poland,2016-11-27,Silver,Smartphone
524,Katti Caulwell,51,Female,Jamaica,2019-07-01,Silver,Laptop
525,Abagael Iorizzo,31,Female,United States,2016-08-02,Silver,Smartphone
526,Gardener Muneely,24,Male,Russia,2018-10-25,Silver,Laptop
527,Stace Roseby,30,Female,China,2019-03-01,Gold,Laptop
528,Xavier Kleimt,47,Male,Colombia,2020-08-04,Silver,Smartphone
529,Dickie Maffioletti,25,Male,Paraguay,2017-06-18,Silver,Desktop
530,Abe Chettle,39,Male,Sierra Leone,2020-06-27,Platinum,Desktop
531,Doralia Yakubovics,55,Female,Portugal,2019-09-22,VIP,Laptop
532,Miquela Shilvock,32,Female,Philippines,2018-08-05,Silver,Smartphone
533,Mindy Neilands,21,Female,France,2022-06-22,Gold,Laptop
534,Llewellyn Dearnaly,37,Male,Portugal,2016-06-08,VIP,Laptop
535,Joya Weddup,46,Female,France,2020-01-02,Silver,Smartphone
536,Kara-lynn Balham,43,Female,Brazil,2019-10-05,Gold,Smartphone
537,Bentley Piotrkowski,32,Male,Vietnam,2016-05-27,Silver,Smartphone
538,Guthrey Phippard,44,Male,Kosovo,2022-11-13,Gold,Desktop
539,Courtnay Quinet,57,Female,Finland,2019-11-10,Platinum,Laptop
540,Yorker De Stoop,31,Male,Peru,2018-12-28,Silver,Smartphone
541,Rose Thomke,28,Female,United States,2020-09-02,Silver,Smartphone
542,Lamar Hartington,38,Male,China,2022-10-12,Gold,Laptop
543,Sheryl Kose,20,Female,Ireland,2016-01-14,Silver,Desktop
544,Hatti Jonczyk,46,Female,Vietnam,2016-04-18,Silver,Laptop
545,Darrick Longworth,36,Male,Mexico,2015-08-16,Silver,Tablet
546,Anthia Fawcitt,37,Female,Mauritius,2018-11-07,Gold,Smartphone
547,Wilhelm Stairmand,58,Male,Ecuador,2015-12-21,Platinum,Desktop
548,Orrin Keyden,53,Male,Netherlands,2019-06-06,VIP,Tablet
549,Averell Leete,25,Male,Portugal,2021-05-25,Silver,Laptop
550,Isahella Conechie,46,Female,France,2016-02-19,Silver,Smartphone
551,Kellina Rumens,23,Female,France,2020-04-27,Platinum,Smartphone
552,Portia Winborn,55,Female,United States,2015-01-01,Gold,Laptop
553,Janaye Robertot,36,Female,Poland,2017-05-20,Platinum,Laptop
554,Ben Bridie,52,Male,Russia,2019-04-18,Gold,Smartphone
555,Clerc Admans,51,Male,Indonesia,2016-09-28,Silver,Smartphone
556,Clarabelle Littledike,41,Female,Indonesia,2018-10-13,Platinum,Smartphone
557,Virgil Tabord,21,Male,United States,2017-01-13,Platinum,Smartphone
558,Cyb Doogue,21,Female,China,2018-08-14,Silver,Laptop
559,Lucilia Gibbonson,28,Female,China,2019-12-16,VIP,Desktop
560,Aeriela Chicchetto,41,Female,Russia,2019-12-20,Gold,Laptop
561,Garwood Putton,32,Male,Norway,2016-07-26,Gold,Smartphone
562,Pepita Eilhersen,32,Female,Spain,2019-03-13,Silver,Desktop
563,Koo Beaston,29,Female,Mauritius,2017-08-11,Gold,Tablet
564,Niccolo Rallings,31,Male,Sierra Leone,2016-06-25,Gold,Laptop
565,Bax Vizard,33,Male,China,2023-01-23,Gold,Desktop
566,Ado O'Kieran,33,Male,Canada,2020-11-05,Silver,Tablet
567,Jemmy Merricks,59,Female,Bahamas,2016-04-23,Silver,Smartphone
568,Gloriana Peddowe,43,Female,Russia,2021-04-20,Silver,Tablet
569,Humfrid Richarz,46,Male,Greece,2016-01-09,Platinum,Smartphone
570,Sal Aickin,54,Male,China,2018-10-17,Silver,Laptop
571,Dacie Bolle,58,Female,Ireland,2018-01-08,Silver,Smartphone
572,Jermayne Knowlson,48,Male,Indonesia,2022-07-30,Gold,Tablet
573,Klement Mulleary,52,Male,Spain,2017-01-31,Silver,Smartphone
574,Kelsi Klemz,54,Female,Nicaragua,2022-10-27,VIP,Smartphone
575,Valeria Faill,35,Female,China,2016-05-20,Silver,Smartphone
576,Lothaire Gerok,35,Male,Thailand,2018-11-20,Silver,Laptop
577,Swen Pulham,41,Male,Japan,2021-07-25,Silver,Smartphone
578,Joanna Cowins,20,Female,Poland,2019-04-09,Silver,Smartphone
579,Bartolomeo Darwood,42,Male,Philippines,2022-03-01,Silver,Desktop
580,Shayne Ponceford,50,Male,Portugal,2017-03-17,Platinum,Smartphone
581,Hestia Coaten,53,Female,Netherlands,2015-09-07,Silver,Laptop
582,Ken Port,49,Male,Indonesia,2020-12-18,Silver,Smartphone
583,Elsie MacGorrie,29,Female,Armenia,2018-05-07,Gold,Laptop
584,Rice Akitt,58,Male,Finland,2022-04-12,Silver,Tablet
585,Geoffrey Janisson,35,Male,Philippines,2020-12-20,Gold,Desktop
586,Greg Dawtre,25,Male,Thailand,2019-10-29,Silver,Laptop
587,Maisie Ryves,28,Female,Indonesia,2021-09-13,Silver,Laptop
588,Manny Lebell,28,Male,China,2017-09-26,Silver,Smartphone
589,Danya Burtwhistle,52,Female,South Africa,2023-02-24,Silver,Smartphone
590,York Risman,29,Male,France,2021-09-05,Silver,Desktop
591,Theresita Poultney,22,Female,Nigeria,2023-01-31,Silver,Smartphone
592,Cord Habbes,57,Male,China,2019-01-11,VIP,Tablet
593,Addison Levington,56,Male,Russia,2020-06-26,Silver,Tablet
594,Morganne Spooner,41,Female,Vietnam,2016-08-21,Silver,Tablet
595,Elwyn Buckwell,36,Male,Indonesia,2016-11-15,Platinum,Desktop
596,Garv Engelmann,23,Male,Brazil,2020-08-28,Silver,Laptop
597,Rourke Braz,23,Male,Montenegro,2022-09-22,Gold,Smartphone
598,Chelsy McGarahan,33,Female,Egypt,2019-03-14,Platinum,Laptop
599,Albert Bower,53,Male,China,2018-01-05,VIP,Smartphone
600,Sabine Shoreman,26,Female,Peru,2020-12-15,Gold,Smartphone
601,Eldon Fylan,48,Male,Costa Rica,2021-11-18,Silver,Laptop
602,Goldia Henighan,23,Female,Sweden,2015-02-02,VIP,Smartphone
603,Mignonne Patifield,36,Female,Mozambique,2016-04-01,Silver,Smartphone
604,Cordie Lipgens,24,Female,Panama,2021-02-20,Platinum,Laptop
605,Katalin Pinnick,30,Female,Russia,2022-01-04,VIP,Smartphone
606,Kliment Foulis,32,Male,Poland,2020-03-14,Gold,Laptop
607,Arch Heskin,20,Male,Russia,2016-11-27,Silver,Laptop
608,Gretal Pinor,20,Female,Kazakhstan,2020-01-20,Gold,Smartphone
609,Adiana Duffet,23,Female,Japan,2016-08-03,Gold,Smartphone
610,Adler Maudett,57,Male,North Korea,2015-11-27,Platinum,Smartphone
611,Stesha Hawksworth,48,Female,France,2016-09-09,Gold,Smartphone
612,Alano Rooson,25,Male,Portugal,2020-10-19,Silver,Laptop
613,Sampson Drummer,60,Male,China,2020-12-25,Silver,Smartphone
614,Shell Dovidaitis,58,Female,China,2021-08-26,Gold,Smartphone
615,Farr Mosey,57,Male,Russia,2022-09-10,Gold,Laptop
616,Ricoriki Deelay,60,Male,China,2022-05-11,VIP,Laptop
617,Truman Sydry,47,Male,Pakistan,2022-02-24,Gold,Desktop
618,Bess Schmuhl,47,Female,Philippines,2016-08-19,Silver,Smartphone
619,Sander Stivani,21,Male,Palestinian Territory,2021-10-28,VIP,Laptop
620,Mellisa Kobierski,38,Female,Malaysia,2016-10-03,Silver,Desktop
621,Adelbert Wessel,59,Male,Indonesia,2022-01-27,Platinum,Smartphone
622,Helsa Tunny,34,Female,Afghanistan,2019-12-27,Silver,Desktop
623,Archer Rame,45,Male,Belarus,2020-10-28,Silver,Laptop
624,Millie Ashbrook,39,Female,Tunisia,2019-09-10,Gold,Desktop
625,Marc Wastell,31,Male,Brazil,2019-08-06,Gold,Smartphone
626,Grenville Steeden,59,Male,Iran,2022-01-30,Silver,Smartphone
627,Jo-ann Pickering,57,Female,China,2021-06-29,Gold,Desktop
628,Coleen Eberlein,51,Female,China,2020-05-01,VIP,Smartphone
629,Zack McIllroy,29,Male,Iraq,2016-05-21,Platinum,Laptop
630,Ryon Cleaveland,53,Male,Indonesia,2020-03-26,Gold,Tablet
631,Leila Matej,57,Female,Ireland,2018-02-20,Silver,Tablet
632,Clemens Lawrenceson,31,Male,Russia,2020-03-18,Gold,Desktop
633,Mommy Cleere,24,Female,China,2021-11-11,Silver,Smartphone
634,Kayle Siely,43,Female,Moldova,2019-08-15,Gold,Smartphone
635,Konstanze McWilliam,51,Female,Brazil,2022-10-31,Gold,Laptop
636,Guinevere Janacek,55,Female,Philippines,2020-12-29,Gold,Smartphone
637,Wilone Kestell,31,Female,Czech Republic,2016-03-15,Silver,Laptop
638,Cloris Rabbatts,32,Female,Colombia,2021-08-04,VIP,Tablet
639,Liane Schaben,60,Female,China,2021-06-11,Silver,Laptop
640,Savina Olivo,28,Female,France,2022-02-06,Gold,Laptop
641,Bevin Pechold,58,Male,Palestinian Territory,2022-06-29,Gold,Smartphone
642,Heall Coots,45,Male,Mexico,2022-10-10,Silver,Smartphone
643,Dave Free,51,Male,Belarus,2015-05-18,Gold,Laptop
644,Bryan Strahan,56,Male,Russia,2020-12-25,Silver,Tablet
645,Gleda Caulier,49,Female,Albania,2015-11-20,Silver,Desktop
646,Alfonse Pablo,41,Male,Brazil,2015-12-03,Gold,Tablet
647,Alexandrina Peplaw,41,Female,Indonesia,2017-10-06,Silver,Desktop
648,Arlena Hoston,24,Female,Serbia,2018-11-07,Gold,Smartphone
649,Anneliese Bumphries,22,Female,Brazil,2016-03-20,Gold,Laptop
650,Tanhya Farlambe,50,Female,Chile,2017-04-09,Silver,Smartphone
651,Kirby Ipsly,43,Male,China,2016-03-10,Silver,Laptop
652,Katha Rivaland,59,Female,Indonesia,2021-10-04,Platinum,Laptop
653,Millie Slatten,36,Female,Poland,2022-07-02,Silver,Desktop
654,Elora Cragell,29,Female,Philippines,2021-04-27,Silver,Laptop
655,Mellicent Glendzer,57,Female,Cuba,2022-08-13,Gold,Laptop
656,Leeanne Iacopo,49,Female,Australia,2020-08-10,Silver,Laptop
657,Geoffry Jales,51,Male,Colombia,2016-04-07,Platinum,Laptop
658,Merrielle Veelers,21,Female,Austria,2015-05-13,Silver,Tablet
659,Lammond Andress,37,Male,Russia,2015-01-29,Gold,Laptop
660,Read Semkins,59,Male,Trinidad and Tobago,2019-02-10,Silver,Smartphone
661,Nikkie McMeeking,18,Female,Canada,2016-03-06,Platinum,Tablet
662,Lemmy Donaldson,31,Male,China,2021-07-03,Gold,Tablet
663,Alvera Cudde,53,Female,China,2022-07-20,Silver,Tablet
664,Windy Moralee,33,Female,Zimbabwe,2019-04-05,Silver,Smartphone
665,Noach Jeffries,44,Male,Indonesia,2015-01-08,Silver,Desktop
666,Merola Bromet,51,Female,Brazil,2020-12-23,Silver,Desktop
667,Gage Mandeville,30,Male,Kenya,2017-09-11,Platinum,Laptop
668,Dallas Casillas,43,Male,Brazil,2015-01-26,Silver,Laptop
669,Price Ketton,26,Male,Russia,2017-09-07,Silver,Smartphone
670,Rorke Stanman,35,Male,Russia,2017-01-01,Gold,Laptop
671,Goldina Dagger,51,Female,Brazil,2016-10-14,VIP,Smartphone
672,Hal Whitecross,34,Male,Brazil,2018-08-12,Gold,Laptop
673,Aldin Linfield,30,Male,Sweden,2019-05-07,Gold,Smartphone
674,Martguerita Woodroffe,51,Female,France,2016-11-20,Silver,Smartphone
675,Ginelle Uden,29,Female,China,2020-05-30,Platinum,Smartphone
676,Luisa Daft,18,Female,Yemen,2021-11-19,VIP,Smartphone
677,Gwyneth Yallop,35,Female,China,2020-01-18,VIP,Smartphone
678,Konrad Midgely,41,Male,Ukraine,2017-01-05,Silver,Smartphone
679,Cory Jeanes,36,Male,Canada,2019-12-01,Gold,Tablet
680,Tomkin Knewstub,45,Male,China,2020-06-21,Silver,Smartphone
681,Lucie Edmenson,42,Female,Ukraine,2015-10-05,Gold,Laptop
682,Eugine McGeever,36,Female,Philippines,2018-05-18,Platinum,Smartphone
683,Dunstan Fright,49,Male,Russia,2016-12-28,Gold,Laptop
684,Kippie Rickell,57,Female,China,2021-08-06,Platinum,Laptop
685,Lambert Jerrams,37,Male,Aruba,2015-05-01,Silver,Smartphone
686,Chaunce Ropking,33,Male,Palestinian Territory,2022-10-12,VIP,Desktop
687,Wayland Beveredge,58,Male,Indonesia,2017-05-22,Gold,Desktop
688,Morry Farrimond,33,Male,India,2015-11-13,Gold,Smartphone
689,Ivy Dearing,39,Female,China,2022-02-06,Silver,Laptop
690,Karna Brosoli,60,Female,Sweden,2020-06-27,Platinum,Smartphone
691,Parrnell Fairfoull,57,Male,Peru,2015-11-06,Gold,Desktop
692,Anna-maria McDougle,59,Female,Botswana,2017-03-11,Silver,Laptop
693,John Campion,55,Male,Greece,2022-07-18,Silver,Smartphone
694,Rodrigo Moughtin,48,Male,Brazil,2019-08-27,Gold,Smartphone
695,Elfrieda Stonard,24,Female,Vietnam,2015-10-26,Gold,Smartphone
696,Abdul Skala,38,Male,Poland,2019-08-08,Silver,Desktop
697,Ludovika Murrell,34,Female,Poland,2015-09-01,Silver,Desktop
698,Jamil Jillins,23,Male,China,2020-06-26,Gold,Smartphone
699,Claybourne McIllrick,27,Male,Nigeria,2022-08-06,Silver,Laptop
700,Denyse Petrosian,35,Female,Tunisia,2016-01-13,Silver,Laptop
701,Hayley Shorton,44,Female,Tunisia,2019-10-13,Silver,Smartphone
702,Ilse Bragg,36,Female,Indonesia,2021-02-28,Gold,Laptop
703,Austine Burdett,24,Female,France,2021-11-29,Gold,Tablet
704,Ashly Fussie,18,Female,Indonesia,2018-06-22,Gold,Smartphone
705,Desirae Effemy,55,Female,China,2021-02-22,Gold,Tablet
706,Phedra Sollom,48,Female,Russia,2021-04-18,Gold,Laptop
707,Martita Lehr,59,Female,Mexico,2017-07-06,VIP,Smartphone
708,Kirsti Roxbee,37,Female,China,2015-07-03,Silver,Smartphone
709,Alaric Balazs,51,Male,Philippines,2022-03-25,Silver,Smartphone
710,Nanon Clayal,25,Female,China,2016-02-15,Silver,Laptop
711,Karlan Mosconi,31,Male,China,2017-02-25,Silver,Smartphone
712,Klement Acklands,32,Male,Peru,2020-06-07,Silver,Smartphone
713,Loralie Dunrige,35,Female,Indonesia,2022-08-31,Silver,Laptop
714,Joyan Tams,47,Female,Russia,2021-04-09,Silver,Tablet
715,Boony Pickerin,45,Male,Portugal,2017-03-05,Gold,Smartphone
716,Rafferty Satyford,58,Male,Kazakhstan,2018-03-16,Platinum,Smartphone
717,Glennis Stapforth,60,Female,United States,2015-10-07,Silver,Laptop
718,Say Silcock,21,Male,China,2015-11-24,Gold,Desktop
719,Katusha Lawland,42,Female,Indonesia,2020-06-26,Platinum,Smartphone
720,Darrelle Austing,44,Female,Canada,2018-02-14,Silver,Smartphone
721,Allyn Worswick,41,Male,Germany,2016-10-01,Silver,Desktop
722,Amalea Jopke,54,Female,Brazil,2022-12-23,Platinum,Laptop
723,Leesa Farrent,35,Female,Kenya,2016-12-04,Silver,Desktop
724,Lyle Leakner,55,Male,China,2018-12-29,VIP,Smartphone
725,Rainer Radnedge,59,Male,Myanmar,2021-07-22,Gold,Smartphone
726,Laure Syms,60,Female,Vietnam,2018-07-27,Silver,Smartphone
727,Leonanie Vasichev,29,Female,Philippines,2015-05-27,Silver,Laptop
728,Grady Romeril,19,Male,China,2016-05-07,Silver,Smartphone
729,Arlyne Nutty,49,Female,Vietnam,2016-07-31,Gold,Smartphone
730,Carr Rothwell,53,Male,Ukraine,2019-01-11,Silver,Tablet
731,Geoffrey Rillett,42,Male,China,2022-04-10,Silver,Smartphone
732,Kimberly Frederick,18,Female,United States,2018-12-28,VIP,Laptop
733,Bartie Kirton,22,Male,Sri Lanka,2018-07-19,Silver,Tablet
734,Lian Dimont,25,Female,Poland,2019-06-05,Silver,Smartphone
735,Dierdre Addey,58,Female,Greece,2019-08-12,Gold,Desktop
736,Basilius Bibey,58,Male,Philippines,2020-06-07,Gold,Laptop
737,Alisander Hriinchenko,23,Male,Indonesia,2020-05-30,Gold,Smartphone
738,Junia Kimbell,24,Female,China,2022-08-02,Gold,Smartphone
739,Berk Marcone,37,Male,Vietnam,2015-09-22,Silver,Smartphone
740,Valeria Seaking,33,Female,China,2021-12-16,VIP,Smartphone
741,Kris Corteis,18,Female,China,2017-07-26,Gold,Laptop
742,Maxim Scurrah,52,Male,China,2017-05-22,Silver,Tablet
743,Welby Ick,32,Male,Japan,2018-05-23,Silver,Smartphone
744,Sibel Greim,39,Female,Russia,2020-02-19,Silver,Desktop
745,Truman Agronski,27,Male,China,2017-06-25,Gold,Desktop
746,Ofella Bodell,49,Female,Philippines,2015-08-17,Silver,Laptop
747,Gracie Rotge,51,Female,Indonesia,2022-08-26,Gold,Laptop
748,Martainn Sall,59,Male,Peru,2016-04-27,Silver,Smartphone
749,Llewellyn Ewbanke,24,Male,Indonesia,2022-08-11,Gold,Smartphone
750,Brandtr Ibbison,44,Male,Brazil,2021-04-08,Platinum,Desktop
751,Alvis Iorillo,40,Male,China,2022-09-15,Silver,Desktop
752,Hoebart Shama,27,Male,China,2019-01-06,Gold,Laptop
753,Roda Bemrose,29,Female,Philippines,2020-07-25,Silver,Laptop
754,Tawsha Bramall,37,Female,Japan,2019-08-02,Silver,Laptop
755,Elyse Glassup,26,Female,Philippines,2018-06-19,Silver,Smartphone
756,Roobbie Flear,21,Female,Czech Republic,2019-10-15,Silver,Desktop
757,Shelby Berthel,43,Female,Russia,2020-03-01,Gold,Smartphone
758,Hulda Skein,29,Female,Colombia,2021-02-20,Silver,Laptop
759,Channa Mant,33,Female,China,2021-09-25,Silver,Smartphone
760,Rafaela Gooda,18,Female,Guinea,2021-12-02,Silver,Smartphone
761,Minda Duff,44,Female,Indonesia,2022-03-05,Gold,Smartphone
762,Arnaldo Askem,31,Male,Colombia,2021-12-14,VIP,Smartphone
763,Barri Pigram,43,Male,Nepal,2017-03-29,Gold,Laptop
764,Berkly Josselson,35,Male,China,2016-04-23,Gold,Laptop
765,Cherey Amner,38,Female,Ireland,2020-07-13,Gold,Laptop
766,Nico Wisdom,47,Male,China,2015-06-08,Gold,Smartphone
767,Tamara Broscombe,58,Female,Bangladesh,2015-12-04,Silver,Tablet
768,Lucho Boath,43,Male,China,2023-03-20,Platinum,Smartphone
769,Carmine Forestall,22,Male,Brazil,2018-06-14,Gold,Smartphone
770,Damien Hatrey,59,Male,Peru,2017-03-25,Silver,Desktop
771,Jon Larciere,39,Male,China,2022-12-09,Silver,Smartphone
772,Shanna Satterfitt,22,Female,Ecuador,2016-01-15,Silver,Smartphone
773,Ruth Colvie,32,Female,Niger,2019-12-08,Silver,Desktop
774,Esteban Gillott,40,Male,Armenia,2018-05-25,Silver,Smartphone
775,Rois Tomaszewski,51,Female,Brazil,2018-08-31,Platinum,Smartphone
776,Archie Tipler,34,Male,Indonesia,2019-03-17,Platinum,Laptop
777,Lynnelle Monkleigh,46,Female,Argentina,2016-08-28,Gold,Laptop
778,Krissie Stidever,51,Female,France,2016-04-01,Silver,Tablet
779,Natalie Caven,52,Female,Indonesia,2019-04-12,Silver,Smartphone
780,Rafael Yuryshev,44,Male,Venezuela,2016-08-07,Gold,Desktop
781,Rutger Hubery,59,Male,Czech Republic,2015-01-26,Gold,Smartphone
782,Barbabra Solland,24,Female,Poland,2020-08-06,Platinum,Laptop
783,Dav MacCague,28,Male,Indonesia,2021-09-22,Silver,Laptop
784,Boy Olliver,37,Male,China,2022-02-18,Silver,Laptop
785,Garner Hector,45,Male,Ecuador,2021-11-19,Silver,Smartphone
786,Elli Gammidge,18,Female,China,2017-01-13,VIP,Tablet
787,Rosalia Brambell,26,Female,Japan,2015-01-28,VIP,Desktop
788,Arlie Kleine,24,Female,China,2020-09-30,Silver,Desktop
789,Cassie Romushkin,18,Male,Vietnam,2017-12-30,Silver,Smartphone
790,Jessie Wingeat,53,Female,China,2020-02-10,Gold,Tablet
791,Clementine Crudge,45,Female,Spain,2018-02-22,Platinum,Desktop
792,Alexis McBrier,20,Male,Yemen,2023-02-14,Gold,Laptop
793,Rochester Benger,40,Male,Venezuela,2015-08-30,VIP,Smartphone
794,Kendall Muris,50,Male,Brazil,2021-12-24,Platinum,Desktop
795,Stinky Genever,49,Male,China,2017-07-20,VIP,Laptop
796,Trula Wallbank,39,Female,Serbia,2019-10-23,Silver,Tablet
797,Piotr Runcie,57,Male,Serbia,2023-02-06,Platinum,Smartphone
798,Siana Caulier,32,Female,Philippines,2022-12-22,Gold,Desktop
799,Reagan Pembridge,20,Male,Greece,2015-03-22,Silver,Tablet
800,Desiree Morton,58,Female,Brazil,2021-10-24,Silver,Smartphone
801,Ilene Bailes,41,Female,Thailand,2022-09-09,Silver,Smartphone
802,Dimitry Wedmore.,50,Male,Indonesia,2018-04-30,Silver,Smartphone
803,Kaila Valiant,50,Female,Macedonia,2016-01-16,Silver,Laptop
804,Kaila Fermor,50,Female,Spain,2019-10-25,Gold,Laptop
805,Ara Habgood,25,Male,China,2016-09-23,Platinum,Smartphone
806,Katleen Brine,48,Female,China,2015-12-01,Silver,Tablet
807,Mendy Tootal,43,Male,Sweden,2020-11-11,Silver,Laptop
808,Durward Spurr,54,Male,Greece,2022-10-04,Gold,Desktop
809,Murial Gisburn,32,Female,Mongolia,2021-02-06,Gold,Desktop
810,Torrance Morrieson,44,Male,Morocco,2017-07-28,Platinum,Tablet
811,Baryram Elsmere,23,Male,Brazil,2015-12-09,Gold,Smartphone
812,Roldan Sessuns,55,Male,Russia,2022-07-28,Gold,Smartphone
813,Berny Boyack,39,Male,Brazil,2021-11-08,VIP,Laptop
814,Brianna Fanti,39,Female,Indonesia,2020-07-09,Platinum,Smartphone
815,Halette Strangwood,50,Female,China,2016-04-08,Silver,Laptop
816,Bartolomeo Aspinal,44,Male,China,2021-12-11,Silver,Desktop
817,Kay Vest,27,Female,China,2018-05-31,Gold,Smartphone
818,Valentin Charpling,58,Male,China,2018-02-15,Gold,Smartphone
819,Holly Peedell,55,Male,Norway,2022-07-30,Gold,Smartphone
820,Caleb Wyllie,37,Male,Brazil,2022-12-20,Silver,Smartphone
821,Nickey Collumbine,41,Male,Finland,2019-02-24,Silver,Desktop
822,Georgeanne Effnert,46,Female,Armenia,2016-06-14,Gold,Smartphone
823,Thurstan Hutchison,59,Male,China,2015-12-10,Silver,Smartphone
824,Sondra Cesconi,33,Female,Japan,2017-10-07,VIP,Smartphone
825,Greg Ventham,50,Male,China,2015-08-14,Gold,Smartphone
826,Orbadiah Briant,59,Male,Sweden,2019-11-05,Silver,Laptop
827,Cristy Bronot,28,Female,Poland,2021-04-21,Silver,Tablet
828,Fianna Arp,18,Female,Guinea-Bissau,2015-09-16,Gold,Smartphone
829,Kriste Lampel,51,Female,Russia,2016-08-09,Silver,Desktop
830,Sharona Stollard,47,Female,France,2015-07-29,Gold,Smartphone
831,Mendel Lancaster,53,Male,Indonesia,2021-08-30,Silver,Desktop
832,Briana Woodwing,58,Female,Mongolia,2015-07-16,Gold,Desktop
833,Karl Ettles,56,Male,Malaysia,2017-09-16,Gold,Smartphone
834,Jordanna Hovy,58,Female,France,2020-10-30,Silver,Tablet
835,Darell Harding,25,Female,Portugal,2021-08-15,Silver,Smartphone
836,Abbie Walmsley,58,Female,Armenia,2023-02-10,Gold,Smartphone
837,Megan Blaksland,31,Female,Norway,2022-02-07,Silver,Smartphone
838,Reider Emilien,20,Male,Russia,2017-02-25,Gold,Laptop
839,Darbie Ros,27,Female,China,2021-10-26,Gold,Smartphone
840,Reed Pyle,30,Male,Brazil,2021-02-01,Silver,Desktop
841,Ferd Greendale,57,Male,Bolivia,2020-10-20,Gold,Smartphone
842,Jerald Cockshot,46,Male,Ivory Coast,2018-09-04,Silver,Smartphone
843,Anna-maria Goulthorp,55,Female,Greece,2020-07-21,Silver,Smartphone
844,Casi Server,41,Female,Portugal,2020-06-17,Silver,Smartphone
845,Danie Byrde,44,Male,Ethiopia,2021-11-08,Gold,Desktop
846,Rikki Cowpe,31,Male,Peru,2015-01-09,Silver,Desktop
847,Sissy GiacobbiniJacob,23,Female,Russia,2020-02-15,Gold,Tablet
848,Cecilla Boarder,21,Female,Indonesia,2018-11-27,Silver,Smartphone
849,Renelle Reily,43,Female,China,2017-07-30,Platinum,Smartphone
850,Urban Sket,21,Male,Hungary,2016-12-08,VIP,Smartphone
851,Aretha Tompkin,47,Female,Sweden,2017-04-03,Platinum,Laptop
852,Mady Elven,55,Female,Philippines,2018-07-24,Gold,Desktop
853,Lindsay Mollison,49,Male,Cambodia,2021-07-10,Gold,Smartphone
854,Jelene Climar,36,Female,China,2018-08-14,Silver,Smartphone
855,Elianore Widocks,44,Female,Papua New Guinea,2015-01-13,Silver,Desktop
856,Harley Leidecker,30,Male,China,2021-01-12,Silver,Smartphone
857,Mordy Copnell,28,Male,Vietnam,2015-03-14,Silver,Desktop
858,Bambie Inchcomb,36,Female,Sweden,2021-11-29,Silver,Smartphone
859,Stanley Grinley,50,Male,Poland,2015-07-29,Silver,Laptop
860,Charmane Meletti,19,Female,Philippines,2015-03-04,Gold,Laptop
861,Dotty Chell,38,Female,Indonesia,2016-07-30,Silver,Laptop
862,Shaylah Wrankmore,53,Female,Philippines,2015-06-17,Silver,Laptop
863,Lyda Krammer,30,Female,China,2019-06-17,Gold,Smartphone
864,Davidde Fenne,49,Male,Syria,2021-08-27,Silver,Tablet
865,Neron Epperson,26,Male,Brazil,2016-09-04,Gold,Smartphone
866,Maggi Heinsen,48,Female,Indonesia,2018-11-01,Silver,Laptop
867,Berta Haxley,40,Female,Indonesia,2019-12-21,Gold,Smartphone
868,Craig Leyland,19,Male,Netherlands,2016-08-16,Platinum,Smartphone
869,Richmound Bloomfield,22,Male,Comoros,2022-08-26,Silver,Smartphone
870,Flossy Bellanger,35,Female,Netherlands,2018-04-04,Silver,Laptop
871,Charmaine Crich,19,Female,Russia,2018-03-21,Platinum,Tablet
872,Vincenz Sallans,55,Male,China,2021-06-10,Platinum,Laptop
873,Shayne Ivanchikov,38,Male,Estonia,2023-01-08,Silver,Smartphone
874,Lev Neat,48,Male,Pakistan,2016-03-22,Silver,Smartphone
875,Sandi MacLaren,51,Female,Nigeria,2017-05-29,VIP,Smartphone
876,Mayne Quilligan,22,Male,Indonesia,2015-04-17,Silver,Desktop
877,Melesa Piner,56,Female,Thailand,2020-02-10,Silver,Desktop
878,Marrilee Alexsandrov,57,Female,Russia,2020-06-23,Silver,Tablet
879,Flemming Munslow,60,Male,Portugal,2017-06-15,Platinum,Laptop
880,Lizette Sennett,29,Female,Tajikistan,2020-02-16,Silver,Laptop
881,Elicia McJerrow,28,Female,Laos,2017-03-21,Gold,Laptop
882,York O'Cannovane,21,Male,Philippines,2021-01-07,Silver,Smartphone
883,Candi Blandford,29,Female,Japan,2019-05-13,Silver,Laptop
884,Angelika Thoday,21,Female,France,2022-01-31,Gold,Smartphone
885,Ignacio Meo,33,Male,China,2022-06-15,Silver,Desktop
886,Eydie Kobierra,52,Female,China,2017-11-27,Silver,Smartphone
887,Addy Billyard,30,Female,Brazil,2016-05-31,Platinum,Tablet
888,Maia Skipp,21,Female,Sweden,2018-11-11,Silver,Smartphone
889,Lorin Whyley,37,Male,Philippines,2021-04-02,Gold,Desktop
890,Karol Synan,28,Female,Belarus,2019-06-06,Silver,Desktop
891,Reinald Scardifeild,25,Male,Lithuania,2019-09-15,VIP,Tablet
892,Morganne De Gouy,25,Female,China,2018-05-04,VIP,Smartphone
893,Querida Mitchiner,40,Female,Portugal,2021-02-28,Silver,Smartphone
894,Pyotr Gyorffy,56,Male,Panama,2022-06-01,Platinum,Laptop
895,Krissy Howsam,52,Female,China,2015-10-27,Silver,Smartphone
896,Maximilianus Stebbing,53,Male,Tanzania,2022-02-02,Gold,Desktop
897,Laura Ensor,53,Female,Brazil,2017-10-04,Gold,Desktop
898,Adlai Worviell,37,Male,Indonesia,2018-08-22,Platinum,Laptop
899,Melania MacGaughey,26,Female,China,2015-01-07,Platinum,Desktop
900,Tannie Grevel,24,Male,United States,2022-01-17,Platinum,Smartphone
901,Goraud Esberger,43,Male,Botswana,2016-02-05,Silver,Smartphone
902,Maris Cello,40,Female,Indonesia,2019-06-19,Gold,Laptop
903,Thor Knutton,55,Male,Philippines,2017-06-08,Silver,Tablet
904,Stephannie Meates,60,Female,Jordan,2018-09-29,VIP,Desktop
905,Moishe Rowthorne,32,Male,Brazil,2017-02-11,Platinum,Smartphone
906,Dallas Van der Son,25,Male,Indonesia,2016-03-27,Silver,Smartphone
907,Ash Van den Broek,22,Male,Thailand,2018-02-14,Gold,Desktop
908,Lauritz Laughlan,30,Male,Portugal,2020-02-21,Gold,Smartphone
909,Staci Battrum,31,Female,Japan,2017-01-17,Silver,Smartphone
910,Wit Snasdell,25,Male,Indonesia,2015-05-17,Gold,Desktop
911,Verla Jecock,45,Female,Indonesia,2023-01-14,Gold,Laptop
912,Kordula Espley,29,Female,China,2017-07-12,Gold,Desktop
913,Glennie Yurin,24,Female,Kenya,2017-02-07,Silver,Desktop
914,Gray Tather,46,Female,Russia,2019-02-13,VIP,Tablet
915,Clare Barday,48,Female,Russia,2016-03-23,Gold,Desktop
916,Rose Mack,41,Female,Sweden,2019-11-24,Silver,Laptop
917,Vinny Bulbrook,47,Male,Kenya,2019-08-25,Silver,Smartphone
918,Florance Biskup,22,Female,Sweden,2016-02-01,Silver,Smartphone
919,Tisha Room,22,Female,China,2015-12-31,Platinum,Smartphone
920,Trumann Goseling,21,Male,China,2018-09-18,Silver,Laptop
921,Turner Sayre,42,Male,China,2015-06-06,Silver,Laptop
922,Giraud Poat,34,Male,Philippines,2022-06-29,VIP,Laptop
923,Ameline Shalcras,32,Female,China,2017-09-12,Gold,Smartphone
924,Brandi Clementucci,40,Female,Colombia,2021-02-20,Platinum,Laptop
925,Lawry Abys,22,Male,Philippines,2016-10-25,Silver,Smartphone
926,Karine Harden,54,Female,China,2015-06-12,Silver,Laptop
927,Maryanna Ricardo,31,Female,Indonesia,2020-03-02,Gold,Smartphone
928,Cchaddie Riggoll,50,Male,Japan,2017-01-25,Silver,Smartphone
929,Trisha Cromb,58,Female,Russia,2016-01-05,Gold,Smartphone
930,Kimmie Diwell,18,Female,Indonesia,2023-02-26,Silver,Smartphone
931,Napoleon Ladbrooke,38,Male,China,2015-07-10,Gold,Smartphone
932,Rutger Clarricoates,31,Male,Morocco,2017-06-25,Silver,Desktop
933,Skipp Andriulis,49,Male,Russia,2021-05-03,Gold,Smartphone
934,Lurlene Maslen,49,Female,Dominican Republic,2021-12-15,Silver,Smartphone
935,Fairleigh Fancett,47,Male,Portugal,2015-02-10,Platinum,Laptop
936,Clerkclaude Brealey,41,Male,China,2020-10-04,Silver,Smartphone
937,Roseline Arbuckle,59,Female,Indonesia,2015-09-12,Silver,Laptop
938,Roze Beebee,42,Female,Indonesia,2016-06-07,Silver,Laptop
939,Cal Iggulden,49,Female,Russia,2018-03-28,Silver,Smartphone
940,Rachelle Shawdforth,55,Female,Argentina,2015-09-18,Gold,Desktop
941,Tallie Raithmill,24,Female,United States,2018-05-18,Gold,Smartphone
942,Ulrica Eccott,22,Female,Portugal,2022-01-31,Gold,Smartphone
943,Aland Lugden,28,Male,Ecuador,2017-02-06,Gold,Laptop
944,Forster Ravenscroftt,47,Male,Indonesia,2016-11-21,Silver,Desktop
945,Brear Jessard,27,Female,Russia,2020-05-11,Silver,Smartphone
946,Annadiana Cheese,22,Female,Russia,2021-10-21,Silver,Tablet
947,Shae Bilson,34,Male,Philippines,2022-03-20,Gold,Desktop
948,Aili Olyet,57,Female,China,2017-10-03,Gold,Tablet
949,Blondell Paske,56,Female,Yemen,2016-06-14,Platinum,Laptop
950,Gennifer Mc Andrew,42,Female,Malawi,2018-11-25,Gold,Desktop
951,Robbie Lysons,26,Male,North Korea,2021-05-09,Silver,Smartphone
952,Bradney Verman,36,Male,Indonesia,2021-03-14,Platinum,Smartphone
953,Adrien Rittelmeyer,32,Male,Brazil,2017-12-14,Gold,Smartphone
954,Margareta Spivey,45,Female,Thailand,2022-02-12,Gold,Smartphone
955,Jonell Lammerich,57,Female,Portugal,2019-08-17,Silver,Laptop
956,Tynan Maclaine,41,Male,Poland,2021-02-19,Gold,Desktop
957,Shelley Twomey,43,Female,China,2018-08-24,Silver,Desktop
958,Lydon Ballsdon,50,Male,Russia,2016-04-22,Silver,Smartphone
959,Teddy Dahlen,55,Male,Guatemala,2015-08-04,Gold,Laptop
960,Patrice Ruusa,44,Male,Russia,2020-09-21,Silver,Laptop
961,Hillery Cutchee,60,Male,Australia,2017-05-17,Silver,Smartphone
962,Herb Windrum,58,Male,Philippines,2015-08-17,Silver,Smartphone
963,Cynthie Vivers,55,Female,China,2021-11-18,Silver,Smartphone
964,Elwin McVey,32,Male,Japan,2022-04-20,VIP,Smartphone
965,Judah Ewence,30,Male,Portugal,2018-10-31,Silver,Laptop
966,Leora Bateup,56,Female,China,2022-03-31,Silver,Laptop
967,Krissie Kettell,38,Female,China,2018-05-18,Platinum,Smartphone
968,Wynny Thyer,53,Female,Canada,2021-12-12,Silver,Tablet
969,Rad Ruttgers,55,Male,Portugal,2018-11-17,VIP,Desktop
970,Debera Larrie,39,Female,Indonesia,2017-07-31,Silver,Desktop
971,Anetta Bold,18,Female,United States,2017-07-12,Silver,Smartphone
972,Troy Hrus,44,Male,Indonesia,2017-05-21,VIP,Tablet
973,Hershel Stonuary,25,Male,Samoa,2015-08-25,Silver,Laptop
974,Brittaney Ambroise,39,Female,El Salvador,2015-04-12,Silver,Laptop
975,Marti Fetterplace,60,Female,China,2017-07-22,Silver,Laptop
976,Tracey Ambrogetti,28,Female,Latvia,2022-09-20,Gold,Smartphone
977,Gaspar Cloute,19,Male,China,2019-08-08,Gold,Tablet
978,Hewe Bruyett,48,Male,Thailand,2017-01-25,Platinum,Smartphone
979,Clyve Haining,29,Male,Poland,2015-09-24,Silver,Laptop
980,Tandi Yglesia,23,Female,Jordan,2021-06-09,Gold,Smartphone
981,Hamlin Memmory,23,Male,Ukraine,2016-09-05,Silver,Laptop
982,Cleve Clogg,31,Male,Indonesia,2016-09-02,Gold,Smartphone
983,Dionysus Braithwait,40,Male,China,2017-04-17,Silver,Tablet
984,Nichols Cardenas,26,Male,Turkmenistan,2017-05-09,Gold,Smartphone
985,Auroora Dundon,30,Female,Uganda,2021-03-15,Gold,Tablet
986,Whitby Walkington,46,Male,China,2018-02-05,Gold,Laptop
987,Antonella Pickvance,52,Female,Namibia,2019-06-17,VIP,Smartphone
988,Nicholle Semeniuk,41,Female,Brazil,2021-03-26,VIP,Smartphone
989,Ethan Adriani,30,Male,Pakistan,2019-09-12,Silver,Smartphone
990,Wolf Ruddoch,26,Male,China,2017-11-02,Silver,Laptop
991,Duke Simpson,34,Male,Malaysia,2015-08-18,Silver,Laptop
992,Robby Smy,57,Male,Philippines,2019-12-07,Gold,Smartphone
993,Jarrad Durnan,32,Male,Poland,2016-04-04,Silver,Tablet
994,Minnnie Lidell,51,Female,China,2015-02-16,Gold,Laptop
995,Jayme Malim,47,Male,Russia,2018-10-22,Silver,Smartphone
996,Vlad Joll,45,Male,Russia,2018-10-13,Platinum,Laptop
997,Herschel Byk,27,Male,Morocco,2020-05-26,Silver,Smartphone
998,Hall Kopacek,48,Male,Vietnam,2016-05-27,Silver,Tablet
999,Gardner Kupec,48,Male,Vietnam,2022-07-28,Gold,Laptop
1000,Karissa Papaminas,57,Female,China,2019-01-15,Silver,Smartphone
